{"name":"78365eb6-7c7c-40a6-8381-7028a11456a2","id":"/providers/Microsoft.Flow/flows/78365eb6-7c7c-40a6-8381-7028a11456a2","type":"Microsoft.Flow/flows","properties":{"apiId":"/providers/Microsoft.PowerApps/apis/shared_logicflows","displayName":"COE_Academy_PA_Workshop","definition":{"metadata":{"workflowEntityId":null,"processAdvisorMetadata":null,"flowChargedByPaygo":null,"flowclientsuspensionreason":"None","flowclientsuspensiontime":null,"flowclientsuspensionreasondetails":null,"creator":{"id":"239e755a-a827-4202-9ef7-7f7f432dd2cf","type":"User","tenantId":"b3f4f7c2-72ce-4192-aba4-d6c7719b5766"},"provisioningMethod":"FromDefinition","failureAlertSubscription":true,"clientLastModifiedTime":"2025-10-09T12:16:12.796629Z","connectionKeySavedTimeKey":"2025-10-09T12:16:12.796629Z","creationSource":"Portal","modifiedSources":"Portal"},"$schema":"https://schema.management.azure.com/providers/Microsoft.Logic/schemas/2016-06-01/workflowdefinition.json#","contentVersion":"1.0.0.0","parameters":{"$authentication":{"defaultValue":{},"type":"SecureObject"},"$connections":{"defaultValue":{},"type":"Object"}},"triggers":{"When_an_item_is_created":{"recurrence":{"frequency":"Minute","interval":1},"splitOn":"@triggerOutputs()?['body/value']","type":"OpenApiConnection","inputs":{"parameters":{"dataset":"https://amadeusworkplace.sharepoint.com/sites/CornerOfExcellence","table":"e432f3da-7df2-4e7d-873d-45fe2f48319f"},"host":{"apiId":"/providers/Microsoft.PowerApps/apis/shared_sharepointonline","connectionName":"shared_sharepointonline","operationId":"GetOnNewItems"},"authentication":"@parameters('$authentication')"}}},"actions":{"Initialize_varRebateAmount":{"runAfter":{},"type":"InitializeVariable","inputs":{"variables":[{"name":"varRebateAmount","type":"float","value":"@triggerBody()?['RebateAmount']"}]}},"Initialize_varPartnerName":{"runAfter":{"Initialize_varRebateAmount":["Succeeded"]},"type":"InitializeVariable","inputs":{"variables":[{"name":"varPartnerName","type":"string","value":"@triggerBody()?['PartnerName']"}]}},"Initialize_varAnalystEmail":{"runAfter":{"Initialize_varPartnerName":["Succeeded"]},"type":"InitializeVariable","inputs":{"variables":[{"name":"varAnalystEmail","type":"string","value":"@triggerBody()?['AnalystEmail']"}]}},"Initialize_varRequestID":{"runAfter":{"Initialize_varAnalystEmail":["Succeeded"]},"type":"InitializeVariable","inputs":{"variables":[{"name":"varRequestID","type":"string","value":"@triggerBody()?['RebateRequestID']"}]}},"Condition_Requires_Approval":{"actions":{"Start_and_wait_for_an_approval":{"type":"OpenApiConnectionWebhook","inputs":{"parameters":{"approvalType":"Basic","WebhookApprovalCreationInput/title":"🔔 RMC Rebate Approval Required: @{variables('varRequestID')}","WebhookApprovalCreationInput/assignedTo":"omar.riestrasabin@amadeus.com","WebhookApprovalCreationInput/details":"REBATE APPROVAL REQUEST\n────────────────────────────────\nRequest ID: @{variables('varRequestID')}\nPartner: @{variables('varPartnerName')}\nRebate Amount: €@{variables('varRebateAmount')}\nRequested by: @{variables('varAnalystEmail')}\n\nBusiness Justification:\n@{triggerBody()?['BusinessJustification']}\n────────────────────────────────\nPlease review and approve or reject this rebate request.\n","WebhookApprovalCreationInput/itemLink":"@triggerBody()?['{Link}']","WebhookApprovalCreationInput/itemLinkDescription":"View request in SharePoint","WebhookApprovalCreationInput/enableNotifications":true,"WebhookApprovalCreationInput/enableReassignment":true},"host":{"apiId":"/providers/Microsoft.PowerApps/apis/shared_approvals","connectionName":"shared_approvals","operationId":"StartAndWaitForAnApproval"},"authentication":"@parameters('$authentication')"}},"Condition_Approved":{"actions":{"Update_item":{"type":"OpenApiConnection","inputs":{"parameters":{"dataset":"https://amadeusworkplace.sharepoint.com/sites/CornerOfExcellence","table":"e432f3da-7df2-4e7d-873d-45fe2f48319f","id":"@triggerBody()?['ID']","item/Status/Value":"Approved","item/ApprovedDate":"@utcNow()","item/ApprovalComments":"@outputs('Start_and_wait_for_an_approval')?['body/responseSummary']"},"host":{"apiId":"/providers/Microsoft.PowerApps/apis/shared_sharepointonline","connectionName":"shared_sharepointonline","operationId":"PatchItem"},"authentication":"@parameters('$authentication')"}},"Send_an_email_(V2)":{"runAfter":{"Update_item":["Succeeded"]},"type":"OpenApiConnection","inputs":{"parameters":{"emailMessage/To":"@variables('varAnalystEmail')","emailMessage/Subject":"Rebate Approved: @{variables('varRequestID')} - @{variables('varPartnerName')}","emailMessage/Body":"<p>Great news! Your rebate request has been approved by the RMC Manager.</p>\n\n<table style=\"border-collapse: collapse; width: 100%; max-width: 600px;\">\n  <tbody><tr style=\"background-color: #107C10; color: white;\">\n    <th style=\"padding: 10px; text-align: left;\" colspan=\"2\">REBATE APPROVED</th>\n  </tr>\n  <tr>\n    <td style=\"padding: 8px; border: 1px solid #ddd;\"><strong>Request ID:</strong></td>\n    <td style=\"padding: 8px; border: 1px solid #ddd;\">@{variables('varRequestID')}</td>\n  </tr>\n  <tr style=\"background-color: #f9f9f9;\">\n    <td style=\"padding: 8px; border: 1px solid #ddd;\"><strong>Partner:</strong></td>\n    <td style=\"padding: 8px; border: 1px solid #ddd;\">@{variables('varPartnerName')}</td>\n  </tr>\n  <tr>\n    <td style=\"padding: 8px; border: 1px solid #ddd;\"><strong>Rebate Amount:</strong></td>\n    <td style=\"padding: 8px; border: 1px solid #ddd;\"><strong>€@{variables('varRebateAmount')}</strong></td>\n  </tr>\n  <tr style=\"background-color: #f9f9f9;\">\n    <td style=\"padding: 8px; border: 1px solid #ddd;\"><strong>Status:</strong></td>\n    <td style=\"padding: 8px; border: 1px solid #ddd;\">✅ Approved</td>\n  </tr>\n  <tr>\n    <td style=\"padding: 8px; border: 1px solid #ddd;\"><strong>Approved Date:</strong></td>\n    <td style=\"padding: 8px; border: 1px solid #ddd;\">@{utcNow()}</td>\n  </tr>\n</tbody></table>\n\n<p><strong>Manager Comments:</strong></p>\n<p style=\"background-color: #f0f0f0; padding: 10px; border-left: 4px solid #107C10;\">\n  @{body('Start_and_wait_for_an_approval')?['responses'][0]?['comments']}\n</p>\n\n<p>📋 <a href=\"@{triggerBody()?['{Link}']}\">View details in SharePoint</a></p>\n\n<p style=\"color: #666; font-size: 12px;\">This is an automated notification, please do not reply.</p>","emailMessage/Importance":"Normal"},"host":{"apiId":"/providers/Microsoft.PowerApps/apis/shared_office365","connectionName":"shared_office365","operationId":"SendEmailV2"},"authentication":"@parameters('$authentication')"}}},"runAfter":{"Start_and_wait_for_an_approval":["Succeeded"]},"else":{"actions":{"Update_item_1":{"type":"OpenApiConnection","inputs":{"parameters":{"dataset":"https://amadeusworkplace.sharepoint.com/sites/CornerOfExcellence","table":"e432f3da-7df2-4e7d-873d-45fe2f48319f","id":"@triggerBody()?['ID']","item/Status/Value":"Rejected","item/ApprovedDate":"@utcNow()","item/ApprovalComments":"@outputs('Start_and_wait_for_an_approval')?['body/responseSummary']"},"host":{"apiId":"/providers/Microsoft.PowerApps/apis/shared_sharepointonline","connectionName":"shared_sharepointonline","operationId":"PatchItem"},"authentication":"@parameters('$authentication')"}},"Send_an_email_(V2)_1":{"runAfter":{"Update_item_1":["Succeeded"]},"type":"OpenApiConnection","inputs":{"parameters":{"emailMessage/To":"omar.riestrasabin@amadeus.com","emailMessage/Subject":"Rebate Rejected: @{variables('varRequestID')} - @{variables('varPartnerName')}","emailMessage/Body":"<p>Your rebate request has been reviewed and rejected by the RMC Manager.</p>\n\n<table style=\"border-collapse: collapse; width: 100%; max-width: 600px;\">\n  <tbody><tr style=\"background-color: #D13438; color: white;\">\n    <th style=\"padding: 10px; text-align: left;\" colspan=\"2\">REBATE REJECTED</th>\n  </tr>\n  <tr>\n    <td style=\"padding: 8px; border: 1px solid #ddd;\"><strong>Request ID:</strong></td>\n    <td style=\"padding: 8px; border: 1px solid #ddd;\">@{variables('varRequestID')}</td>\n  </tr>\n  <tr style=\"background-color: #f9f9f9;\">\n    <td style=\"padding: 8px; border: 1px solid #ddd;\"><strong>Partner:</strong></td>\n    <td style=\"padding: 8px; border: 1px solid #ddd;\">@{variables('varPartnerName')}</td>\n  </tr>\n  <tr>\n    <td style=\"padding: 8px; border: 1px solid #ddd;\"><strong>Rebate Amount:</strong></td>\n    <td style=\"padding: 8px; border: 1px solid #ddd;\"><strong>€@{variables('varRebateAmount')}</strong></td>\n  </tr>\n  <tr style=\"background-color: #f9f9f9;\">\n    <td style=\"padding: 8px; border: 1px solid #ddd;\"><strong>Status:</strong></td>\n    <td style=\"padding: 8px; border: 1px solid #ddd;\">❌ Rejected</td>\n  </tr>\n</tbody></table>\n\n<p><strong>Rejection Reason:</strong></p>\n<p style=\"background-color: #fff4f4; padding: 10px; border-left: 4px solid #D13438;\">\n  @{body('Start_and_wait_for_an_approval')?['responses'][0]?['comments']}\n</p>\n\n<p>Please review the manager's comments and resubmit with adjustments if needed.</p>\n\n<p>📋 <a href=\"@{triggerBody()?['{Link}']}\">View details in SharePoint</a></p>\n\n<p style=\"color: #666; font-size: 12px;\">This is an automated notification, please do not reply.</p>","emailMessage/Importance":"Normal"},"host":{"apiId":"/providers/Microsoft.PowerApps/apis/shared_office365","connectionName":"shared_office365","operationId":"SendEmailV2"},"authentication":"@parameters('$authentication')"}}}},"expression":{"and":[{"equals":["@outputs('Start_and_wait_for_an_approval')?['body/outcome']","Approve"]}]},"type":"If"}},"runAfter":{"Initialize_varRequestID":["Succeeded"]},"else":{"actions":{"Update_item_2":{"type":"OpenApiConnection","inputs":{"parameters":{"dataset":"https://amadeusworkplace.sharepoint.com/sites/CornerOfExcellence","table":"e432f3da-7df2-4e7d-873d-45fe2f48319f","id":"@triggerBody()?['ID']","item/Status/Value":"Approved","item/ApprovedDate":"@utcNow()","item/ApprovalComments":"Amount below €5,000 threshold - automatically approved per RMC policy"},"host":{"apiId":"/providers/Microsoft.PowerApps/apis/shared_sharepointonline","connectionName":"shared_sharepointonline","operationId":"PatchItem"},"authentication":"@parameters('$authentication')"}},"Send_an_email_(V2)_2":{"runAfter":{"Update_item_2":["Succeeded"]},"type":"OpenApiConnection","inputs":{"parameters":{"emailMessage/To":"@variables('varAnalystEmail')","emailMessage/Subject":"Rebate Auto-Approved: @{variables('varRequestID')} - @{variables('varPartnerName')}","emailMessage/Body":"<p>Your rebate request has been automatically approved (amount below €5,000 threshold).</p>\n\n<table style=\"border-collapse: collapse; width: 100%; max-width: 600px;\">\n  <tbody><tr style=\"background-color: #0078D4; color: white;\">\n    <th style=\"padding: 10px; text-align: left;\" colspan=\"2\">AUTO-APPROVED</th>\n  </tr>\n  <tr>\n    <td style=\"padding: 8px; border: 1px solid #ddd;\"><strong>Request ID:</strong></td>\n    <td style=\"padding: 8px; border: 1px solid #ddd;\">@{variables('varRequestID')}</td>\n  </tr>\n  <tr style=\"background-color: #f9f9f9;\">\n    <td style=\"padding: 8px; border: 1px solid #ddd;\"><strong>Partner:</strong></td>\n    <td style=\"padding: 8px; border: 1px solid #ddd;\">@{variables('varPartnerName')}</td>\n  </tr>\n  <tr>\n    <td style=\"padding: 8px; border: 1px solid #ddd;\"><strong>Rebate Amount:</strong></td>\n    <td style=\"padding: 8px; border: 1px solid #ddd;\"><strong>€@{variables('varRebateAmount')}</strong></td>\n  </tr>\n  <tr style=\"background-color: #f9f9f9;\">\n    <td style=\"padding: 8px; border: 1px solid #ddd;\"><strong>Status:</strong></td>\n    <td style=\"padding: 8px; border: 1px solid #ddd;\">✅ Auto-Approved</td>\n  </tr>\n  <tr>\n    <td style=\"padding: 8px; border: 1px solid #ddd;\"><strong>Approved Date:</strong></td>\n    <td style=\"padding: 8px; border: 1px solid #ddd;\">@{utcNow()}</td>\n  </tr>\n</tbody></table>\n\n<p>No further action required. The rebate has been processed according to RMC policy.</p>\n\n<p>📋 <a href=\"@{triggerBody()?['{Link}']}\">View details in SharePoint</a></p>\n\n<p style=\"color: #666; font-size: 12px;\">This is an automated notification, please do not reply.</p>","emailMessage/Importance":"Normal"},"host":{"apiId":"/providers/Microsoft.PowerApps/apis/shared_office365","connectionName":"shared_office365","operationId":"SendEmailV2"},"authentication":"@parameters('$authentication')"}}}},"expression":{"and":[{"greater":["@variables('varRebateAmount')",5000]}]},"type":"If"}},"outputs":{}},"connectionReferences":{"shared_sharepointonline":{"connectionName":"shared-sharepointonl-6a1fa3c9-ac51-40fa-80bb-4030f0f4aef9","source":"Embedded","id":"/providers/Microsoft.PowerApps/apis/shared_sharepointonline","tier":"NotSpecified","apiName":"sharepointonline","isProcessSimpleApiReferenceConversionAlreadyDone":false},"shared_approvals":{"connectionName":"shared-approvals-599ccb9a-fef3-4fde-9dea-2539f51569b8","source":"Embedded","id":"/providers/Microsoft.PowerApps/apis/shared_approvals","tier":"NotSpecified","apiName":"approvals","isProcessSimpleApiReferenceConversionAlreadyDone":false},"shared_office365":{"connectionName":"shared-office365-1703dccb-a84f-4496-bdeb-4b585c34d39f","source":"Embedded","id":"/providers/Microsoft.PowerApps/apis/shared_office365","tier":"NotSpecified","apiName":"office365","isProcessSimpleApiReferenceConversionAlreadyDone":false}},"flowFailureAlertSubscribed":false,"isManaged":false}}